tags,name,url,logo
Moldova,Aquarelle FM,http://aquarelle.md:8000/aquarellefm.mp3,
Moldova,Diaspora FM 92.8,http://87.255.90.102:9000/UniversFm,
Moldova,Eco FM,http://astreaming.ecofm.md:8080/stream.aac,
Moldova,Europa Plus,http://217.26.167.180:8081/broadwave.mp3,
Moldova,Jurnal FM,https://live.jurnalfm.md/index/,
Moldova,Maestro FM ,http://live.maestrofm.md:8000/maestro,
Moldova,Megapolis FM 88.6,https://megapolisfm.md:8443/886,
Moldova,Monkey.FM,https://monkey.fm:8001/live,
Moldova,Muz FM,http://live.muzfm.md:8000/muzfm,
Moldova,OM Radio,http://188.138.198.247:8002/;,
Moldova,Radio 7 ,http://87.255.90.94:8000/128,
Moldova,Radio 911,http://185.181.229.197:8000/live,
Moldova,Radio Logos Moldova,http://asculta.logos.md:10000/live?.mp3,
Moldova,Radio Micul Samaritean,http://162.251.160.26:80/stream,
Moldova,Radio Moldova Muzical,http://radiolive.trm.md:8000/RM-muzical-256,
Moldova,Radio Moldova Tineret,http://radiolive.trm.md:8000/RM-tineret-256,
Moldova,Radio Noroc,http://live.noroc.tv:8000/radionoroc.mp3,
Moldova,Radio ONE FM 96.2,http://live.maestrofm.md:8000/r1,
Moldova,Radio Plai,http://stream.radioplai.md:8000/live,
Moldova,Radio Vocea Speran»õei,http://195.93.219.15:8000/pulse,
Moldova,Radio Zum,http://185.181.229.196:8000/live,
Moldova,radioBEAT,http://asculta.radiobeat.md:9998/stream,
Moldova,Russkoe Radio FM 105.9,http://live.ruradio.md:8000/ruradio,
Moldova,Sputnik Moldova,https://nfw.ria.ru/flv/audio.aspx?ID=52319385&type=mp3,
Moldova,Vocea Basarabiei,https://storage.voceabasarabiei.md:8001/radiocomvb,
Moldova,GRT FM,http://95.154.196.33:38186/gagauzradiosu,
Moldova,Pro100 Radio,http://pub0202.101.ru:8000/stream/personal/aacp/64/801132,
Moldova,Radio Pro Mingir FM105,http://92.115.109.44:8000/stream,
Moldova,Orhei FM 97.5,http://178.76.72.235:8008/live,
Moldova,PRODj Radio,http://173.249.25.221:8042/;,
Moldova,Beat FM 96.2,http://radio.dline-media.com/beatfm,
Moldova,Romano Patrin FM,http://mediaserv38.live-streams.nl:8074/stream,
Moldova,Inter FM,http://objectiv-inter.dyndns.idknet.com:8022/InterFM,
Moldova,Radio 1 Plus,http://pgtrk.ru:8000/radio2_192,